Row,Persistence_24h,CODEC1PG,SH_AR,Transformer,Res_TECNet_AOperational,Res_TECNet_AHindcast,CODEGIM,nHours
BOGT,11.744601112292,12.5342946382358,10.4013787909578,11.4556215832742,10.3176160721168,10.390895189964,4.0464795718728,7125
IISC,7.40208289325181,6.65950469162549,7.014002182798,7.37309797829505,6.95663302438108,6.9914671677368,3.80778029401593,7351
NKLG,8.29382985259995,7.39807053504419,7.83290781308102,8.20270458787554,7.73589712217225,7.69665596890935,4.48823277337455,7269
GUAM,8.25976317090434,6.90682920395518,7.28695280090504,8.04700129629561,7.10616232758728,7.19231863822384,3.95510063561731,7259
ONSA,5.61985660086508,5.07483536397977,5.22299582983874,5.79108343679736,5.1534805061998,4.96779689697564,1.62945804048452,7326
ALGO,6.84149734778396,5.58205692982087,6.29576254402402,6.73313401117465,6.11257671285613,5.99558109869576,2.01362243919316,6224
MIZU,6.13794217099659,7.22699574053543,6.01439977052556,6.02577583592789,5.82786969866644,5.72915450362276,2.26155693512081,7338
STR1,6.61652722777977,5.24313439139668,5.89854884303369,6.57211573918327,5.82023995102281,5.67754175755254,1.82586818338721,7030
KIR0,5.79388389221071,5.00790080079905,5.56016361850489,5.97457685076275,5.49619919147116,5.36153571239873,2.22150024307695,7349
THU2,5.39433511123238,4.56825196573484,5.11468553880241,5.57538681061226,5.09916972274482,4.98593076764486,2.54389982224078,7326
MAC1,6.02901052066608,5.53760046238412,5.63915775908173,6.0724057398758,5.54978102919682,5.43623732722405,2.71829607420821,6675
DAV1,6.24326199851719,5.34329077154198,6.13182755982547,6.54606305530392,6.16092279972079,6.10624152599401,2.72927505137292,6857
KOKB,11.7333964500108,8.2244288200017,9.96415247599047,11.4189915147722,9.74317067188637,9.85501693146371,3.53484053814144,6587
ASCG,11.2088271734229,8.88746033184801,9.10930728893454,10.9674654244901,8.97593309849193,9.07424261944561,3.52646478589625,7339
DGAR,10.9466059044299,10.0295939522958,9.85141491340441,11.0709601457263,9.88250059460843,9.85992019746485,4.31775316489654,7351
THTI,13.930489925867,11.1980312224927,11.7950277037603,13.5368211433906,11.7886118749913,11.9672394132844,3.84375235846894,7351
BOGT (storm),15.4126026183036,14.6770969558934,13.2396926761412,14.8222510332759,13.0975597020531,13.4294861549812,4.19333212093754,1624
IISC (storm),10.4003744082012,9.23912186957268,9.51412264102625,10.5056424356345,9.42963889124295,9.73010199173714,4.9723106187823,1624
NKLG (storm),10.4934941009755,9.21097792239869,9.65336052888249,10.565132818477,9.62488418066959,9.71265163732709,4.92819420957095,1624
GUAM (storm),11.4328234125889,9.04539440811544,9.38181987721495,11.1724016503755,9.0650640864985,9.47932507644481,3.46789637016628,1624
ONSA (storm),8.80962207960862,7.45245768343095,7.98181576737895,9.22476434225998,7.75860021946655,7.25552148344758,1.93435484333556,1624
ALGO (storm),10.2595404760137,8.23265258014882,9.08023548926023,10.2837301592358,8.80196305372323,8.57185655130916,1.91066820299199,1620
MIZU (storm),8.82716960126774,9.70959854922407,8.45867807591721,8.72697063106493,7.97469058332787,7.76935830662581,2.77339474388456,1623
STR1 (storm),9.86879963395926,7.96555191283804,9.07533767016181,10.0557572898666,8.98327062170605,8.62113573382741,2.17903552447003,1578
KIR0 (storm),7.91297917507219,6.77173357390472,7.51335619026733,8.56019528801796,7.41284427924196,6.96579950966992,1.71442674091611,1624
THU2 (storm),7.23207824924902,5.77354810749781,6.7188761741437,7.75909900959127,6.67040075363404,6.32874550550119,2.93724876601942,1624
MAC1 (storm),8.41527618877351,6.89873137545234,7.94195235195088,8.82353303708358,7.80897340954763,7.40232981247581,3.18692785579034,1426
DAV1 (storm),8.21150940325099,6.24746294104632,7.96875387069308,8.72266845391072,7.86324628910305,7.71863145428689,2.76839748940375,1499
KOKB (storm),17.5815767645401,11.2796758282385,14.2814511331918,16.890655685789,13.6793097742623,14.1634555001363,4.73060030297009,1356
ASCG (storm),16.2772221524624,12.2011696201262,13.2015758352305,15.8924864511899,12.9321255275536,13.2898218554313,4.10293575200791,1624
DGAR (storm),15.2919750609818,13.8671526967217,13.631458445041,15.8501083059982,13.6796485182818,13.5921743680082,5.06388301458785,1624
THTI (storm),18.7925410923199,14.7640985571425,15.5819678026616,18.1049086780487,15.7069675775962,16.5631931892876,4.07192953821237,1624
