Model,RMSE,MAE,Bias,Corr,TrainingBudget
Persistence-24h,5.58011187925433,3.45531554745901,-0.0190623022606133,0.965542441084368,"-"
CODE C1PG,4.99725507897486,3.29932590509555,0.0729773309943103,0.970297983856074,"-"
SH-AR,4.89410969677782,3.17893513582015,-0.00402364073193549,0.973149568753034,"-"
Plain CNN,5.37393794848463,3.48127899663437,0.965160289395962,0.968071288208674,"1999-2018, 6-h stride, 40 ep"
ConvLSTM,5.44986372923206,3.42763972894986,0.120338585214816,0.965960102568629,"2011-2018, 6-h stride, 8 ep"
Transformer,5.51500062141794,3.45092206380936,0.0108498402311067,0.964835744144058,"2011-2018, 6-h stride, 8 ep"
Res-TECNet operational,5.25610489699146,3.29804670077089,0.135949185522435,0.968439842819712,"1999-2018, 6-h stride, 40 ep"
Res-TECNet hindcast,5.1961445208196,3.25929141628464,0.029745787959586,0.968749998949665,"1999-2018, 6-h stride, 40 ep"
Res-TECNet-A operational,4.83587247734349,3.14918684887693,0.199219087110733,0.973170274536305,"static net + SH-AR base channel, 15 ep fine-tune"
Res-TECNet-A hindcast,4.8058827233386,3.11073753845171,0.0435586904551326,0.973214180379246,"static net + SH-AR base channel, 15 ep fine-tune"
