Pair,Model,ObsDiffStd_TECU,Corr,RMSE_TECU
East-West (ARUC - AUT1),Persistence-24h,6.58471745403081,0.778911086754461,4.53461611088015
East-West (ARUC - AUT1),CODE C1PG,6.58537145468311,0.833746464520727,4.09646885617598
East-West (ARUC - AUT1),SH-AR,6.58471745403081,0.821560803697633,4.01475646098337
East-West (ARUC - AUT1),Res-TECNet-A operational,6.58471745403081,0.822138729060794,4.00702782617826
East-West (ARUC - AUT1),Res-TECNet-A hindcast,6.58471745403081,0.823108867668055,3.99314971388396
East-West (ARUC - AUT1),CODE GIM,6.58471745403081,0.949482081503615,2.45751963490247
North-South (ISTA - BSHM),Persistence-24h,5.14212204327931,0.639211721165235,5.09290876608641
North-South (ISTA - BSHM),CODE C1PG,5.14301249656607,0.685758382948644,5.1227575249893
North-South (ISTA - BSHM),SH-AR,5.14212204327931,0.674613853337675,4.80863534218642
North-South (ISTA - BSHM),Res-TECNet-A operational,5.14212204327931,0.675346602927621,4.76364841898094
North-South (ISTA - BSHM),Res-TECNet-A hindcast,5.14212204327931,0.67636123406115,4.74614586142218
North-South (ISTA - BSHM),CODE GIM,5.14212204327931,0.868775045000367,3.84595384898997
