Row,Persistence_24h,CODEC1PG,SH_AR,Res_TECNet_AOperational,Res_TECNet_AHindcast,CODEGIM,nHours
AUT1,6.71469803303152,6.10560878096193,6.38538628126876,6.29169751043431,6.03039978118831,2.77355195333646,4957
ISTA,6.55101321768095,6.08282558970372,6.14106177984793,6.03294282407225,5.79734108918714,2.97267033329028,6677
MERS,6.43712288359072,6.27357324130538,6.08473109610188,5.96526761242952,5.7540506498733,3.02181410797345,7326
NICO,6.59729594432451,6.40396104321768,6.18708650033004,6.06309587683033,5.85103109738453,3.16777072288862,7233
BSHM,6.61238856235082,6.49794182212117,6.18142261304159,6.06768791139528,5.85195263744732,2.52413042672222,5876
ARUC,5.58455598994434,5.66526278003511,5.35657605126835,5.24306487226891,5.01013978104278,2.21649194032996,7347
AUT1 (storm),9.96619238347191,8.4439175313556,9.03324566608255,8.80652778777043,7.87181846810866,2.21157423268857,1081
ISTA (storm),9.74275300877501,8.6181722772966,8.73152036124054,8.43856119608458,7.71628381241262,2.30458460437982,1465
MERS (storm),9.63115778218935,8.61025879545065,8.62562824485176,8.32589479571653,7.6778796552767,2.85604890366014,1621
NICO (storm),9.86281178085732,8.7552142259519,8.69311304358215,8.38679989319334,7.68150525405267,2.94031982415689,1563
BSHM (storm),10.7588960801094,9.61660344082194,9.54795281865799,9.25815975840215,8.60004939140109,3.06748445300095,1081
ARUC (storm),8.57113018706647,7.96614001216079,7.76717451798938,7.51629333679942,6.84633296918341,2.35855825383091,1624
