Row,Persistence_24h,CODEC1PG,SH_AR,Transformer,Res_TECNet_AOperational,Res_TECNet_AHindcast,CODEGIM,nHours
BOGT,12.4876094966887,12.5871179521578,11.0733580497674,12.0273289565148,10.9548390266214,10.9322882848887,5.86373641341609,7125
IISC,7.78919326001496,7.38344185101668,7.63372966643798,7.60452161384988,7.56365759483972,7.49861575615609,4.65669252667376,7351
NKLG,11.30209433806,11.082626042612,11.1450499065821,10.9496948834539,11.0389732913514,10.8418381486181,8.95961442203185,7269
GUAM,10.9449934360614,10.68540758997,10.1607871068315,10.3595344727018,9.95191835588974,9.79857684719694,8.53671197038325,7259
ONSA,6.13151123092326,4.84101956783647,5.63664096349737,6.09404856892944,5.45927176640929,5.3700907645106,3.12472802955905,7326
ALGO,6.91991331866164,5.43784657845237,6.46495471250732,6.75390932430165,6.24742516175851,6.1632778008089,2.36436530676469,6224
MIZU,6.30526966510219,8.1052623074844,6.37009878328692,6.24771289172114,6.23476516294372,6.10223283349588,2.62961929147392,7338
STR1,6.63087910664327,5.40892524810586,5.8589832972821,6.55569953293029,5.75490315192162,5.63527615575681,1.96734576835356,7030
KIR0,6.21274241915037,6.01204459081952,5.99894984516267,6.56102183327897,6.02917436522623,5.8434894624859,3.13147120483074,7349
THU2,5.67067234618212,4.54083626600076,5.31701401946946,5.68306970263113,5.22410340340909,5.17168581952514,3.07951453952835,7326
MAC1,6.06793023285227,5.30664992779181,5.73541821992582,6.14921540963797,5.67412133186988,5.5488650701251,2.78505657439503,6675
DAV1,6.86277195987314,6.71498391724172,6.67777532131483,6.86689541519222,6.59525076395485,6.62710567644751,4.04440478624736,6857
KOKB,12.0242929297074,9.01138835680345,10.2784445734582,11.6648875118429,10.0865376267919,10.1329863873235,4.47628343128112,6587
ASCG,13.515230292031,12.5231281629417,11.7551387641469,13.1036931491641,11.6244277350044,11.5447927707888,8.28601872921398,7339
DGAR,11.5719588508098,10.4512374136995,10.6368300679914,11.5885447803881,10.6618796108436,10.5537837381931,5.61483014174616,7351
THTI,14.5135716912553,10.9803782230739,12.2552918280993,13.9500432499395,12.2189924000728,12.2973670419473,5.78827171007212,7351
BOGT (storm),16.0310386864993,14.6075946302069,13.7436736233666,15.2351731084663,13.4041971213235,13.5586620352213,6.37532137544929,1624
IISC (storm),10.5766565577117,9.5859045272168,9.92692607577221,10.4904705631979,9.68230203444907,9.81538134422593,5.40951655161098,1624
NKLG (storm),13.653480861071,13.0220437436923,13.1623292091694,13.3133468103901,12.7962678622652,12.5018289166308,10.3532055410563,1624
GUAM (storm),13.9414721093228,12.5467750162626,12.4419719297442,13.2336614381056,11.7925810133399,11.7648937610906,8.5748412197751,1624
ONSA (storm),9.03615055632489,7.01929460423818,7.95156423297929,9.32218845100972,7.79800817881942,7.50973084010891,3.73880930913232,1624
ALGO (storm),10.2124431855556,7.97306505185394,9.0094076143817,10.1993744236487,8.76029776410167,8.61056696129252,2.32970517483004,1620
MIZU (storm),9.11385634012333,10.5920349874617,8.97587079067167,9.03946265464064,8.47688327869173,8.19006557529003,3.3682564561454,1623
STR1 (storm),9.83093345771058,7.94351047321204,8.89430694033447,10.0010579749215,8.82324461583759,8.50652015397158,2.37556214381929,1578
KIR0 (storm),8.45100059172236,7.86708899201787,8.21470163958465,9.18350799765611,8.07138676690567,7.49249816666356,2.83422563615983,1624
THU2 (storm),7.46478824682911,5.69446062570412,6.74216429027374,7.86051930937932,6.74432109834289,6.56690973370519,3.65009913755863,1624
MAC1 (storm),8.51850410535583,6.84615377678125,8.15498985476017,8.94630073231292,8.01226446152226,7.58270967481596,3.28604440563767,1426
DAV1 (storm),8.62661303028333,7.13683794704794,8.07384682296756,8.90311891993633,8.04862401702148,8.15033062315215,4.64084751160575,1499
KOKB (storm),17.7057494993531,11.8493963931848,14.52526364085,16.9547895592351,13.8544668386197,14.2354132337667,5.19331622325977,1356
ASCG (storm),17.6455791012458,14.9415394531569,15.0913481785719,17.012524511422,14.5630832505332,14.5776807404408,8.58312265721329,1624
DGAR (storm),15.5337160728085,14.2382135289998,14.2744253574823,15.9513610799515,14.185174165705,13.9507450606266,5.56034987617469,1624
THTI (storm),19.117626906815,14.0299872605343,15.5690792636876,18.2165057830895,15.5120676274938,16.2306953496343,6.10275711967864,1624
