Model,StormRMSE_TECU,QuietRMSE_TECU,NumStorms,May2024_TECU
Persistence-24h,11.4285143732433,4.88789094345765,18,16.5544238551837
CODE C1PG,9.19563278106742,4.52440343802016,18,12.8437062134175
SH-AR,9.66379367872396,4.30498272905545,18,14.0504992625038
Plain CNN,10.678219968816,4.77154938176106,18,15.7180566763997
ConvLSTM,11.2827320965542,4.76703852141252,18,16.5665797320886
Transformer,11.3813292482333,4.82706595299593,18,16.9896619687791
Res-TECNet operational,10.6812201131995,4.61991301656053,18,15.2727888416821
Res-TECNet hindcast,10.4514222931197,4.58296300662256,18,15.0700621791108
Res-TECNet-A operational,9.49001293025126,4.26874232160274,18,13.7300115670681
Res-TECNet-A hindcast,9.5765916542218,4.22340611970637,18,14.8983969767202
