Configuration,Overall_TECU,Storm_TECU,AnatoliaStorm_TECU
full,4.80129887630579,9.49734635962595,8.14660504609892
persistBase,5.41982650118641,11.1803252481464,9.50959605519219
noGlobalSkip,5.19254602990598,9.83114681245072,8.32196835719801
zeroPad,4.8076490401401,9.55202931469015,8.40122434820262
noDrivers,4.857089238931,9.66313161524165,8.55313488119068
noTargetBlock,4.82553281882922,9.58125142551781,8.47691582573691
noKp,4.83753704131716,9.68638398827417,8.55310796478927
noDst,4.81047312517511,9.59121225665894,8.47503079874285
noisyTarget,4.85033033100661,9.53535584255236,8.18474597055632
operational,4.840047134131,9.52094424237934,8.37553320166731
